"2017年09月20日","438,642","436,101","452,873","406,024","0.58"
"2017年09月19日","436,101","455,084","464,840","411,921","-4.17"
"2017年09月18日","455,084","403,502","463,320","391,103","12.78"
"2017年09月17日","403,502","421,285","453,675","389,877","-4.22"
"2017年09月16日","421,285","411,332","460,707","309,962","2.42"
"2017年09月15日","411,332","342,929","437,284","309,643","19.95"
"2017年09月14日","342,929","439,264","452,732","340,963","-21.93"
"2017年09月13日","439,264","448,767","478,742","413,917","-2.12"
"2017年09月12日","448,767","455,000","478,932","427,359","-1.37"
"2017年09月11日","455,000","425,296","469,489","423,337","6.98"
"2017年09月10日","425,296","443,040","466,151","423,676","-4.00"
"2017年09月09日","443,040","448,511","508,235","441,611","-1.22"
"2017年09月08日","448,511","505,435","510,906","441,379","-11.26"
"2017年09月07日","505,435","500,224","546,595","458,818","1.04"
"2017年09月06日","500,224","485,331","513,146","433,306","3.07"
"2017年09月05日","485,331","462,501","500,813","433,763","4.94"
"2017年09月04日","462,501","509,136","533,057","448,345","-9.16"
"2017年09月03日","509,136","499,205","585,203","490,638","1.99"
"2017年09月02日","499,205","542,277","585,203","498,505","-7.94"
"2017年09月01日","542,277","522,489","551,743","501,000","3.79"
"2017年08月31日","522,489","505,626","528,648","478,000","3.34"
"2017年08月30日","505,626","503,658","522,031","476,718","0.39"
"2017年08月29日","503,658","477,876","515,583","456,538","5.40"
"2017年08月28日","477,876","469,661","484,351","457,780","1.75"
"2017年08月27日","469,661","514,764","514,764","467,486","-8.76"
"2017年08月26日","514,764","478,010","519,142","464,485","7.69"
"2017年08月25日","478,010","468,366","518,438","452,864","2.06"
"2017年08月24日","468,366","453,553","471,958","444,567","3.27"
"2017年08月23日","453,553","446,019","488,850","414,226","1.69"
"2017年08月22日","446,019","446,634","464,207","412,566","1.34"
"2017年08月21日","440,101","456,978","459,732","439,993","-3.69"
"2017年08月20日","456,978","447,091","458,697","431,401","2.21"
"2017年08月19日","447,091","444,090","478,081","430,219","-5.40"
"2017年08月18日","472,613","470,166","528,676","442,379","0.52"
"2017年08月17日","470,166","474,494","531,332","436,766","-0.91"
"2017年08月16日","474,494","457,008","492,745","424,394","3.83"
"2017年08月15日","457,008","464,508","492,632","424,136","-1.61"
"2017年08月14日","464,508","424,424","493,492","418,000","9.44"
"2017年08月13日","424,424","409,442","460,769","404,136","3.66"
"2017年08月12日","409,442","407,736","430,205","372,097","0.42"
"2017年08月11日","407,736","373,256","407,736","366,727","9.24"
"2017年08月10日","373,256","378,630","403,650","360,402","-1.42"
"2017年08月09日","378,630","379,813","410,703","359,964","-0.31"
"2017年08月08日","379,813","406,790","410,703","326,756","-6.63"
"2017年08月07日","406,790","330,195","406,790","323,171","23.20"
"2017年08月06日","330,195","329,884","332,266","316,046","0.09"
"2017年08月05日","329,884","310,886","331,889","292,055","6.11"
"2017年08月04日","310,886","304,985","333,657","290,740","1.93"
"2017年08月03日","304,985","306,007","330,636","296,203","-0.33"
"2017年08月02日","306,007","314,656","332,053","295,993","-2.75"
"2017年08月01日","314,656","315,083","315,175","314,141","-0.14"
"2017年07月31日","315,083","298,744","316,191","278,208","5.47"
"2017年07月30日","298,744","294,359","306,885","270,677","1.49"
"2017年07月29日","294,359","306,935","310,884","270,677","-4.10"
"2017年07月28日","306,935","293,883","308,900","277,260","4.44"
"2017年07月27日","293,883","274,417","294,013","272,827","7.09"
"2017年07月26日","274,417","284,481","309,739","269,445","-3.54"
"2017年07月25日","284,481","303,279","309,434","271,189","-6.20"
"2017年07月24日","303,279","296,284","304,382","280,943","2.36"
"2017年07月23日","296,284","293,762","303,974","281,019","0.86"
"2017年07月22日","293,762","289,944","304,004","276,631","1.32"
"2017年07月21日","289,944","301,981","314,438","238,751","-3.99"
"2017年07月20日","301,981","256,132","314,501","233,806","17.90"
"2017年07月19日","256,132","242,358","266,082","234,103","-2.66"
"2017年07月18日","263,120","245,463","264,321","219,353","7.19"
"2017年07月17日","245,463","209,170","246,641","209,120","17.35"
"2017年07月16日","209,170","230,953","259,469","207,666","-9.43"
"2017年07月15日","230,953","255,488","281,375","230,953","-9.60"
"2017年07月14日","255,488","281,324","284,524","253,852","-9.18"
"2017年07月13日","281,324","281,462","284,458","263,499","-0.05"
"2017年07月12日","281,466","269,523","296,255","265,856","4.43"
"2017年07月11日","269,523","273,789","301,735","267,394","-1.56"
"2017年07月10日","273,789","291,868","302,599","273,735","-6.19"
"2017年07月09日","291,868","295,715","301,809","291,356","-1.30"
"2017年07月08日","295,715","293,044","304,722","291,273","0.91"
"2017年07月07日","293,044","296,418","308,677","291,436","-1.14"
"2017年07月06日","296,418","305,679","311,730","292,534","0.81"
"2017年07月05日","294,032","302,303","314,683","292,408","-0.44"
"2017年07月04日","295,330","296,100","313,696","283,749","-0.26"
"2017年07月03日","296,100","284,630","306,309","274,247","4.03"
"2017年07月02日","284,630","284,340","292,423","262,426","0.10"
"2017年07月01日","284,340","280,085","300,000","262,426","1.28"
"2017年06月30日","280,741","286,974","295,530","272,358","-2.17"
"2017年06月29日","286,974","291,532","297,657","278,583","-1.56"
"2017年06月28日","291,532","286,869","315,922","266,903","1.63"
"2017年06月27日","286,869","281,862","315,131","266,703","1.78"
"2017年06月26日","281,862","286,639","329,408","278,499","-1.67"
"2017年06月25日","286,639","292,514","318,045","285,185","-2.01"
"2017年06月24日","292,514","311,033","314,970","292,514","-5.95"
"2017年06月23日","311,033","303,229","338,280","301,078","1.37"
"2017年06月22日","306,815","295,047","314,187","294,183","3.99"
"2017年06月21日","295,047","303,346","314,442","295,047","-2.74"
"2017年06月20日","303,346","299,208","312,964","285,688","1.38"
"2017年06月19日","299,208","274,511","300,747","274,511","9.00"
"2017年06月18日","274,511","291,365","321,302","274,156","-5.78"
"2017年06月17日","291,365","279,492","321,302","260,555","4.25"
"2017年06月16日","279,492","273,002","310,151","242,276","-1.72"
"2017年06月15日","284,375","308,614","336,948","241,493","-7.85"
"2017年06月14日","308,614","320,694","335,307","284,249","-3.77"
"2017年06月13日","320,694","309,888","361,345","297,214","3.49"
"2017年06月12日","309,888","332,419","361,345","296,128","-6.78"
"2017年06月11日","332,419","324,000","339,535","315,294","2.60"
"2017年06月10日","324,000","321,900","350,177","315,331","0.65"
"2017年06月09日","321,900","317,275","348,936","304,494","1.46"
"2017年06月08日","317,275","320,347","350,599","298,080","-0.96"
"2017年06月07日","320,347","320,283","350,599","298,729","0.02"
"2017年06月06日","320,283","304,546","337,159","288,042","5.17"
"2017年06月05日","304,546","296,356","319,043","275,573","2.76"
"2017年06月04日","296,356","282,821","298,950","267,351","4.79"
"2017年06月03日","282,821","278,197","298,951","278,187","1.66"
"2017年06月02日","278,197","271,102","307,974","260,000","2.62"
"2017年06月01日","271,102","262,456","312,183","249,172","3.29"
"2017年05月31日","262,456","267,155","284,040","248,301","-1.76"
"2017年05月30日","267,155","264,010","291,657","240,168","1.19"
"2017年05月29日","264,010","249,256","297,161","238,300","5.92"
"2017年05月28日","249,256","252,700","278,525","217,596","-1.36"
"2017年05月27日","252,700","260,017","322,539","217,623","-2.81"
"2017年05月26日","260,017","269,662","382,414","255,146","-3.58"
"2017年05月25日","269,662","286,397","382,689","254,061","-5.84"
"2017年05月24日","286,397","254,475","292,120","242,576","12.54"
"2017年05月23日","254,475","249,444","281,490","225,120","2.02"
"2017年05月22日","249,444","226,666","258,492","224,779","10.05"
"2017年05月21日","226,666","231,959","249,390","223,865","-2.28"
"2017年05月20日","231,959","224,118","232,332","216,889","3.50"
"2017年05月19日","224,118","221,809","232,341","209,003","1.04"
"2017年05月18日","221,809","220,621","222,545","198,533","0.54"
"2017年05月17日","220,621","203,828","238,779","186,207","8.24"
"2017年05月16日","203,828","200,102","205,840","192,235","1.86"
"2017年05月15日","200,102","202,196","206,576","193,029","-1.04"
"2017年05月14日","202,196","201,502","206,651","191,048","0.34"
"2017年05月13日","201,502","197,841","212,825","191,048","1.85"
"2017年05月12日","197,841","210,125","231,569","195,996","-5.85"
"2017年05月11日","210,125","203,548","231,569","193,533","3.23"
"2017年05月10日","203,548","195,542","214,031","187,122","4.09"
"2017年05月09日","195,542","174,375","205,634","163,026","12.14"
"2017年05月08日","174,375","176,601","184,227","170,409","-1.26"
"2017年05月07日","176,601","175,887","180,363","169,492","0.41"
"2017年05月06日","175,887","172,305","182,751","169,992","2.08"
"2017年05月05日","172,305","180,000","213,063","161,878","-4.28"
"2017年05月04日","180,000","168,757","214,444","161,000","6.66"
"2017年05月03日","168,757","160,380","169,149","146,856","5.22"
"2017年05月02日","160,380","156,053","169,267","146,856","2.77"
"2017年05月01日","156,053","147,368","158,139","144,758","5.89"
"2017年04月30日","147,368","146,668","149,095","144,758","0.48"
"2017年04月29日","146,668","147,757","150,513","144,758","-0.74"
"2017年04月28日","147,757","148,531","150,747","142,747","-0.52"
"2017年04月27日","148,531","142,180","149,350","141,279","4.47"
"2017年04月26日","142,180","140,115","146,103","138,350","1.47"
"2017年04月25日","140,115","137,283","141,483","134,411","2.06"
"2017年04月24日","137,283","137,550","137,827","132,000","-0.19"
"2017年04月23日","137,550","134,945","137,867","131,235","1.28"
"2017年04月22日","135,813","135,277","137,121","131,308","0.40"
"2017年04月21日","135,277","135,649","137,475","130,671","-0.27"
"2017年04月20日","135,649","129,682","136,245","129,250","4.60"
"2017年04月19日","129,682","128,894","132,739","118,170","-0.32"
"2017年04月18日","130,098","132,146","143,019","118,170","-1.55"
"2017年04月17日","132,146","128,155","132,355","127,647","3.11"
"2017年04月16日","128,155","128,529","140,279","127,906","-0.29"
"2017年04月15日","128,529","131,878","140,031","128,510","-2.54"
"2017年04月14日","131,878","126,876","141,105","125,397","3.94"
"2017年04月13日","126,876","132,432","138,697","120,890","-4.19"
"2017年04月12日","132,432","132,584","135,094","130,271","-0.11"
"2017年04月11日","132,584","132,315","136,003","125,000","0.20"
"2017年04月10日","132,315","131,130","137,101","125,000","0.90"
"2017年04月09日","131,130","128,973","133,719","128,198","1.67"
"2017年04月08日","128,973","131,877","132,814","121,165","-2.27"
"2017年04月07日","131,974","130,836","132,751","121,165","0.87"
"2017年04月06日","130,836","122,931","131,273","122,352","6.43"
"2017年04月05日","122,931","125,909","129,622","122,086","-2.37"
"2017年04月04日","125,909","127,783","129,700","121,753","-1.47"
"2017年04月03日","127,783","121,269","129,853","119,369","5.37"
"2017年04月02日","121,269","120,274","122,304","119,129","0.90"
"2017年04月01日","120,185","120,420","125,000","114,646","-0.20"
"2017年03月31日","120,420","115,078","121,796","108,000","4.64"
"2017年03月30日","115,078","115,506","117,074","113,071","-0.37"
"2017年03月29日","115,506","114,658","118,518","112,336","0.74"
"2017年03月28日","114,658","118,017","127,059","107,633","-2.85"
"2017年03月27日","118,017","107,145","118,017","104,678","10.15"
"2017年03月26日","107,145","106,178","111,136","100,529","0.91"
"2017年03月25日","106,178","114,536","114,536","100,518","-7.30"
"2017年03月24日","114,536","114,611","118,784","106,326","-0.07"
"2017年03月23日","114,611","123,251","127,777","113,536","-6.72"
"2017年03月22日","122,865","124,226","127,946","112,372","-1.10"
"2017年03月21日","124,226","117,932","128,281","114,663","5.34"
"2017年03月20日","117,932","123,983","126,501","111,704","-4.88"
"2017年03月19日","123,983","118,881","137,684","111,591","4.29"
"2017年03月18日","118,881","127,732","137,955","113,341","-6.93"
"2017年03月17日","127,732","132,078","145,908","126,760","-3.29"
"2017年03月16日","132,078","142,555","145,996","132,051","-7.35"
"2017年03月15日","142,555","143,935","152,097","141,107","-0.96"
"2017年03月14日","143,935","141,174","146,139","139,659","1.96"
"2017年03月13日","141,174","139,310","146,424","133,511","1.34"
"2017年03月12日","139,310","134,522","141,149","133,116","3.56"
"2017年03月11日","134,522","126,281","149,242","123,985","6.53"
"2017年03月10日","126,281","144,758","149,029","122,193","-12.76"
"2017年03月09日","144,758","130,884","144,758","126,264","10.60"
"2017年03月08日","130,884","140,775","146,659","130,884","-7.03"
"2017年03月07日","140,775","148,097","148,334","138,723","-4.94"
"2017年03月06日","148,097","146,435","148,192","135,216","4.18"
"2017年03月05日","142,160","144,144","147,472","140,725","-1.38"
"2017年03月04日","144,144","146,572","147,902","135,758","-1.66"
"2017年03月03日","146,572","142,931","148,451","135,675","2.55"
"2017年03月02日","142,931","137,788","145,018","132,404","3.73"
"2017年03月01日","137,788","134,747","137,788","124,773","2.26"
"2017年02月28日","134,747","133,308","136,911","130,456","1.08"
"2017年02月27日","133,308","131,550","134,078","129,348","1.34"
"2017年02月26日","131,550","119,021","133,730","119,021","10.53"
"2017年02月25日","119,021","132,465","135,910","119,021","-10.15"
"2017年02月24日","132,465","129,842","137,981","120,000","2.02"
"2017年02月23日","129,842","126,921","130,999","120,000","2.30"
"2017年02月22日","126,921","126,710","127,846","116,391","0.17"
"2017年02月21日","126,710","122,236","127,029","117,384","3.66"
"2017年02月20日","122,236","119,953","122,236","117,557","1.90"
"2017年02月19日","119,953","119,237","120,600","117,740","0.60"
"2017年02月18日","119,237","119,621","120,386","116,870","-0.32"
"2017年02月17日","119,621","117,793","120,364","115,234","1.55"
"2017年02月16日","117,793","115,011","118,589","113,911","2.42"
"2017年02月15日","115,011","113,435","116,940","113,435","1.39"
"2017年02月14日","113,435","113,723","116,439","105,153","-0.25"
"2017年02月13日","113,723","114,136","118,554","110,554","-0.36"
"2017年02月12日","114,136","113,186","116,195","112,416","0.84"
"2017年02月11日","113,186","113,220","115,548","108,238","-0.03"
"2017年02月10日","113,220","113,402","122,519","108,226","-0.16"
"2017年02月09日","113,402","116,776","122,290","107,105","-2.89"
"2017年02月08日","116,776","118,068","121,771","114,123","-1.09"
"2017年02月07日","118,068","114,746","118,774","111,772","2.89"
"2017年02月06日","114,746","113,506","115,701","113,112","1.09"
"2017年02月05日","113,506","114,385","115,879","112,107","-0.77"
"2017年02月04日","114,385","114,659","115,351","111,859","-0.24"
"2017年02月03日","114,659","112,163","115,677","109,301","2.23"
"2017年02月02日","112,163","111,019","112,667","107,061","1.03"
"2017年02月01日","111,019","108,192","111,618","99,136","2.61"
"2017年01月31日","108,192","104,284","108,268","99,136","3.75"
"2017年01月30日","104,284","104,916","105,471","102,878","-0.60"
"2017年01月29日","104,916","105,252","106,315","104,718","-0.32"
"2017年01月28日","105,252","104,000","106,315","103,957","1.20"
"2017年01月27日","104,000","103,490","106,014","102,244","0.49"
"2017年01月26日","103,490","100,057","105,420","99,920","3.43"
"2017年01月25日","100,057","101,589","104,243","100,000","-1.51"
"2017年01月24日","101,589","103,728","104,698","100,952","-2.06"
"2017年01月23日","103,728","104,470","105,811","99,967","-0.71"
"2017年01月22日","104,470","105,004","106,564","95,296","-0.51"
"2017年01月21日","105,004","103,508","106,001","100,557","1.45"
"2017年01月20日","103,508","103,643","105,818","100,307","-0.13"
"2017年01月19日","103,643","99,016","105,316","98,331","4.67"
"2017年01月18日","99,016","102,392","105,363","93,754","-3.30"
"2017年01月17日","102,392","94,857","103,061","90,691","7.94"
"2017年01月16日","94,857","92,499","95,406","88,312","2.55"
"2017年01月15日","92,499","91,614","102,590","88,284","0.97"
"2017年01月14日","91,614","93,878","102,590","89,315","-2.41"
"2017年01月13日","93,878","93,497","94,444","88,273","0.41"
"2017年01月12日","93,497","88,836","105,975","87,043","5.25"
"2017年01月11日","88,836","105,266","106,858","88,645","-15.61"
"2017年01月10日","105,266","106,400","106,400","102,437","-1.07"
"2017年01月09日","106,400","110,455","110,746","101,983","-3.67"
"2017年01月08日","110,455","105,381","112,326","95,069","4.81"
"2017年01月07日","105,381","108,571","114,603","95,080","-2.94"
"2017年01月06日","108,571","112,744","137,394","98,672","-3.70"
"2017年01月05日","112,744","130,010","139,065","101,769","-13.28"
"2017年01月04日","130,010","115,396","130,167","114,740","12.66"
"2017年01月03日","115,396","116,707","121,367","114,291","-1.12"
"2017年01月02日","116,707","114,101","118,165","111,027","2.28"
"2017年01月01日","114,101","111,316","114,594","108,568","2.50"
"2016年12月31日","111,316","112,143","113,650","109,871","-0.74"
"2016年12月30日","112,143","113,740","114,678","108,771","-1.40"
"2016年12月29日","113,740","111,750","114,001","106,494","1.78"
"2016年12月28日","111,750","107,088","112,878","100,424","4.35"
"2016年12月27日","107,088","105,593","113,651","100,114","1.42"
"2016年12月26日","105,593","103,346","105,629","96,288","2.17"
"2016年12月25日","103,346","103,488","108,111","96,472","-0.14"
"2016年12月24日","103,488","104,410","108,121","100,550","-0.88"
"2016年12月23日","104,410","98,431","105,411","98,123","6.07"
"2016年12月22日","98,431","96,314","104,538","93,415","2.20"
"2016年12月21日","96,314","93,483","104,538","92,402","3.03"
"2016年12月20日","93,483","92,544","93,700","90,492","1.02"
"2016年12月19日","92,544","92,139","92,766","91,653","0.44"
"2016年12月18日","92,139","93,393","98,000","92,121","-1.34"
"2016年12月17日","93,393","92,445","93,761","90,878","1.03"
"2016年12月16日","92,445","92,228","98,000","90,094","0.24"
"2016年12月15日","92,228","90,959","98,000","90,092","1.39"
"2016年12月14日","90,959","89,402","97,367","88,368","1.74"
"2016年12月13日","89,402","89,207","97,472","87,456","0.22"
"2016年12月12日","89,207","89,011","90,003","87,440","0.22"
"2016年12月11日","89,011","88,421","89,244","87,666","0.67"
"2016年12月10日","88,421","88,914","89,591","86,855","-0.66"
"2016年12月09日","89,008","86,590","89,195","86,065","2.79"
"2016年12月08日","86,590","87,083","87,913","84,576","-0.57"
"2016年12月07日","87,083","87,262","88,031","84,584","-0.20"
"2016年12月06日","87,262","84,778","87,667","84,207","2.93"
"2016年12月05日","84,778","87,128","88,634","84,126","-2.70"
"2016年12月04日","87,128","86,317","87,216","85,083","0.94"
"2016年12月03日","86,317","87,216","93,917","84,875","-1.03"
"2016年12月02日","87,216","85,711","93,917","80,161","1.76"
"2016年12月01日","85,711","80,161","86,051","80,161","6.92"
"2016年11月30日","80,161","81,475","84,361","80,161","-1.61"
"2016年11月29日","81,475","81,477","83,061","80,161","-0.00"
"2016年11月28日","81,477","82,249","82,898","80,161","-0.94"
"2016年11月27日","82,249","82,425","83,192","81,684","-0.21"
"2016年11月26日","82,425","82,873","83,445","82,148","-0.54"
"2016年11月25日","82,873","82,960","84,252","80,161","-0.10"
"2016年11月24日","82,960","81,664","84,036","81,620","1.59"
"2016年11月23日","81,664","82,584","83,801","79,491","-1.11"
"2016年11月22日","82,584","81,192","83,129","78,639","1.71"
"2016年11月21日","81,192","79,437","81,797","79,119","2.21"
"2016年11月20日","79,437","82,878","82,878","78,203","-4.15"
"2016年11月19日","82,878","82,791","82,977","80,400","0.10"
"2016年11月18日","82,791","80,039","82,878","78,011","3.44"
"2016年11月17日","80,039","78,894","81,456","76,800","1.45"
"2016年11月16日","78,894","77,887","81,001","76,555","1.29"
"2016年11月15日","77,887","75,497","77,938","75,309","3.17"
"2016年11月14日","75,497","75,261","77,074","73,860","0.31"
"2016年11月13日","75,261","76,024","77,489","73,431","-1.00"
"2016年11月12日","76,024","75,844","77,480","75,487","0.24"
"2016年11月11日","75,844","75,416","77,766","75,110","0.57"
"2016年11月10日","75,416","74,983","78,171","74,151","0.58"
"2016年11月09日","74,983","73,043","78,250","71,477","0.27"
"2016年11月08日","74,778","72,665","75,039","70,687","2.91"
"2016年11月07日","72,665","73,235","73,898","67,554","-0.78"
"2016年11月06日","73,235","72,379","73,731","68,000","1.18"
"2016年11月05日","72,379","72,427","73,934","70,399","-0.07"
"2016年11月04日","72,427","76,000","76,913","68,000","-4.70"
"2016年11月03日","76,000","76,089","77,487","71,121","-0.12"
"2016年11月02日","76,089","70,473","76,089","70,045","7.97"
"2016年11月01日","70,473","72,099","75,539","70,440","-2.26"
"2016年10月31日","72,099","75,624","76,052","70,835","-4.66"
"2016年10月30日","75,624","74,966","76,079","71,278","0.88"
"2016年10月29日","74,966","70,904","74,993","69,809","5.73"
"2016年10月28日","70,904","71,439","73,536","69,210","-0.75"
"2016年10月27日","71,439","69,829","71,895","67,687","2.31"
"2016年10月26日","69,829","67,668","70,012","63,632","3.19"
"2016年10月25日","67,668","66,643","68,836","66,611","1.54"
"2016年10月24日","66,643","67,504","67,758","65,610","-1.27"
"2016年10月23日","67,504","66,033","67,515","65,367","2.23"
"2016年10月22日","66,033","65,351","67,279","64,294","1.04"
"2016年10月21日","65,351","63,890","66,733","63,778","2.29"
"2016年10月20日","63,890","64,817","66,594","63,868","-1.43"
"2016年10月19日","64,817","65,962","69,355","64,032","-1.73"
"2016年10月18日","65,962","65,641","66,818","65,507","0.49"
"2016年10月17日","65,641","66,281","66,963","65,610","-0.97"
"2016年10月16日","66,281","65,711","68,000","65,691","0.87"
"2016年10月15日","65,711","65,591","68,000","61,621","0.18"
"2016年10月14日","65,591","64,110","66,607","61,621","2.31"
"2016年10月13日","64,110","64,826","66,041","63,935","-1.11"
"2016年10月12日","64,827","62,881","65,941","62,690","3.09"
"2016年10月11日","62,881","60,373","64,719","60,256","4.15"
"2016年10月10日","60,373","59,880","61,500","59,800","0.82"
"2016年10月09日","59,880","60,715","61,960","59,874","-1.38"
"2016年10月08日","60,715","62,467","62,742","59,562","-2.80"
"2016年10月07日","62,467","57,732","63,220","57,613","8.20"
"2016年10月06日","57,732","61,091","62,999","56,624","-5.50"
"2016年10月05日","61,091","57,448","62,460","57,385","6.34"
"2016年10月04日","57,448","61,022","62,274","57,425","-5.86"
"2016年10月03日","61,022","59,504","61,813","59,387","2.55"
"2016年10月02日","59,504","61,793","61,812","59,414","-3.71"
"2016年10月01日","61,793","59,446","62,054","59,446","3.95"
"2016年09月30日","59,446","61,253","61,875","59,158","-2.95"
"2016年09月29日","61,253","60,487","61,925","59,431","1.27"
"2016年09月28日","60,487","60,363","60,704","59,037","0.21"
"2016年09月27日","60,363","60,032","61,163","58,704","0.55"
"2016年09月26日","60,032","59,146","60,761","58,488","1.50"
"2016年09月25日","59,146","60,055","60,842","58,738","-1.51"
"2016年09月24日","60,055","59,037","60,598","58,578","1.72"
"2016年09月23日","59,037","58,661","62,266","58,396","0.64"
"2016年09月22日","58,661","58,518","62,166","58,096","0.24"
"2016年09月21日","58,518","59,834","62,111","58,172","-2.20"
"2016年09月20日","59,834","61,480","64,782","59,720","-2.68"
"2016年09月19日","61,480","60,500","62,508","59,065","1.62"
"2016年09月18日","60,500","62,119","62,183","60,045","-2.61"
"2016年09月17日","62,119","61,373","62,492","60,024","1.22"
"2016年09月16日","61,373","61,575","62,952","60,566","-0.33"
"2016年09月15日","61,575","62,867","63,483","60,698","-2.06"
"2016年09月14日","62,867","61,074","63,303","60,204","2.94"
"2016年09月13日","61,074","62,091","63,481","59,122","-1.64"
"2016年09月12日","62,091","60,276","63,206","59,029","3.01"
"2016年09月11日","60,276","62,087","63,465","60,238","-2.92"
"2016年09月10日","62,087","62,794","63,639","61,686","-1.13"
"2016年09月09日","62,794","63,413","65,640","61,602","-1.67"
"2016年09月08日","63,862","62,213","65,397","60,277","2.65"
"2016年09月07日","62,213","59,406","63,106","58,768","4.73"
"2016年09月06日","59,406","61,213","62,972","59,377","-2.95"
"2016年09月05日","61,213","61,354","62,899","59,912","-0.23"
"2016年09月04日","61,354","61,472","61,895","59,673","-0.19"
"2016年09月03日","61,472","59,584","61,607","57,829","3.17"
"2016年09月02日","59,584","57,695","59,837","55,174","3.27"
"2016年09月01日","57,695","57,494","59,703","57,442","0.35"
"2016年08月31日","57,494","58,318","59,664","57,330","-1.41"
"2016年08月30日","58,318","57,453","59,323","57,015","-1.91"
"2016年08月08日","59,452","59,229","59,468","56,388","0.38"
"2016年08月07日","59,229","56,609","59,423","55,525","4.63"
"2016年08月06日","56,609","55,979","58,512","55,323","1.12"
"2016年08月05日","55,979","58,002","58,002","54,090","-3.49"
"2016年08月04日","58,002","57,167","58,163","53,556","4.46"
"2016年08月03日","55,527","55,731","61,680","48,646","-0.36"
"2016年08月02日","55,731","61,963","64,234","48,675","-10.06"
"2016年08月01日","61,963","64,787","67,298","61,963","-3.10"
"2016年07月31日","63,947","66,686","67,195","63,936","-4.11"
"2016年07月30日","66,686","67,558","67,558","66,306","-1.29"
"2016年07月29日","67,558","67,975","68,314","66,638","-1.63"
"2016年07月27日","68,681","65,486","69,083","65,465","4.88"
"2016年07月26日","65,486","68,016","70,013","65,486","-3.72"
"2016年07月25日","68,016","70,478","70,478","68,016","-3.49"
"2016年07月24日","70,478","68,996","70,478","68,369","2.15"
"2016年07月23日","68,996","69,007","70,703","68,489","-0.02"
"2016年07月22日","69,007","70,099","70,835","69,005","-1.56"
"2016年07月21日","70,099","69,688","71,795","68,868","0.59"
"2016年07月20日","69,688","70,771","72,022","69,429","-1.53"
"2016年07月19日","70,771","71,746","72,065","69,558","-1.36"
"2016年07月18日","71,746","70,325","72,085","68,564","2.03"
"2016年07月17日","70,322","68,778","71,523","67,919","2.24"
"2016年07月16日","68,778","69,309","70,390","68,027","-0.77"
"2016年07月15日","69,309","68,954","70,890","67,439","0.51"
"2016年07月14日","68,954","67,183","70,656","65,697","2.64"
"2016年07月13日","67,183","69,049","70,481","64,493","-2.70"
"2016年07月12日","69,049","66,176","70,375","64,924","4.34"
"2016年07月11日","66,176","64,375","67,277","64,295","2.80"
"2016年07月10日","64,375","65,127","67,666","63,833","-1.15"
"2016年07月09日","65,127","68,062","68,062","63,848","-4.31"
"2016年07月08日","68,062","63,645","68,072","63,309","6.94"
"2016年07月07日","63,645","67,788","68,855","62,859","-6.11"
"2016年07月06日","67,788","67,339","70,421","66,157","0.67"
"2016年07月05日","67,339","69,840","69,920","66,491","-3.58"
"2016年07月04日","69,840","68,321","70,616","66,390","2.22"
"2016年07月03日","68,321","71,378","71,643","66,162","-4.28"
"2016年07月02日","71,378","69,174","71,385","66,665","3.19"
"2016年07月01日","69,174","67,141","69,656","64,711","3.03"
"2016年06月30日","67,141","65,214","69,698","63,896","2.95"
"2016年06月29日","65,214","66,643","72,565","63,436","-2.14"
"2016年06月28日","66,643","66,360","68,169","63,325","0.43"
"2016年06月27日","66,360","68,272","68,272","63,114","-2.80"
"2016年06月26日","68,272","68,272","68,272","68,272","0.00"
"2016年06月25日","68,272","68,559","68,559","68,272","-0.42"
"2016年06月24日","68,559","65,776","69,099","56,213","4.23"
"2016年06月23日","65,776","62,411","71,073","57,230","5.39"
"2016年06月22日","62,411","69,220","76,535","60,374","-9.84"
"2016年06月21日","69,220","78,986","79,985","67,700","-12.36"
"2016年06月20日","78,986","80,095","80,250","76,723","-1.38"
"2016年06月19日","80,095","79,019","81,073","76,164","1.36"
"2016年06月18日","79,019","78,685","81,725","75,304","0.43"
"2016年06月17日","78,685","80,723","81,068","74,158","-2.53"
"2016年06月16日","80,723","73,274","80,723","70,090","10.17"
"2016年06月15日","73,274","72,693","76,797","70,559","0.80"
"2016年06月14日","72,693","74,594","78,735","70,413","-2.55"
"2016年06月13日","74,594","70,052","76,735","64,164","6.48"
"2016年06月12日","70,052","64,940","72,986","60,200","7.80"
"2016年06月11日","64,984","61,991","65,806","60,904","4.83"
"2016年06月10日","61,991","60,553","62,425","60,037","2.38"
"2016年06月09日","60,553","60,678","62,687","59,827","-0.21"
"2016年06月08日","60,678","61,130","63,557","59,889","-0.74"
"2016年06月07日","61,130","62,134","64,740","59,943","-1.62"
"2016年06月06日","62,134","57,676","63,508","57,359","7.73"
"2016年06月05日","57,676","61,303","62,516","57,425","-5.92"
"2016年06月04日","61,303","58,548","62,516","56,489","4.70"
"2016年06月03日","58,548","56,772","61,237","55,846","3.13"
"2016年06月02日","56,772","58,216","60,791","55,417","-2.48"
"2016年06月01日","58,216","58,110","60,424","57,323","0.18"
"2016年05月31日","58,110","58,528","63,696","57,509","-0.71"
"2016年05月30日","58,528","58,258","63,688","50,800","0.46"
"2016年05月29日","58,258","53,765","61,355","47,679","8.36"
"2016年05月28日","53,765","50,764","54,497","47,642","3.45"
"2016年05月27日","51,970","45,964","53,885","44,493","13.07"
"2016年05月26日","45,964","46,296","49,642","44,366","-0.72"
"2016年05月25日","46,296","49,227","49,607","46,289","-5.95"
"2016年05月24日","49,227","48,016","49,227","46,973","2.52"
"2016年05月23日","48,016","48,047","48,366","45,951","-0.06"
"2016年05月22日","48,047","49,057","50,517","46,203","-2.06"
"2016年05月21日","49,057","47,767","49,057","47,762","2.70"
"2016年05月20日","47,767","47,965","50,056","47,227","-0.41"
"2016年05月19日","47,965","49,317","49,986","47,965","-2.74"
"2016年05月18日","49,317","49,110","50,019","48,660","0.42"
"2016年05月17日","49,110","49,160","50,171","48,656","-0.10"
"2016年05月16日","49,160","47,772","49,582","47,772","2.91"
"2016年05月15日","47,772","48,910","49,828","47,466","-2.33"
"2016年05月14日","48,910","49,449","49,453","48,054","-1.09"
"2016年05月13日","49,449","47,623","49,584","47,499","3.83"
"2016年05月12日","47,623","49,292","51,210","47,183","-3.39"
"2016年05月11日","49,292","49,830","51,721","47,268","-1.08"
"2016年05月10日","49,830","49,347","52,522","48,400","0.98"
"2016年05月09日","49,347","44,494","51,472","44,494","10.91"
"2016年05月08日","44,494","49,845","50,691","44,468","-10.74"
"2016年05月07日","49,845","49,192","51,219","46,188","1.33"
"2016年05月06日","49,192","48,137","49,632","47,405","2.19"
"2016年05月05日","48,137","47,824","49,651","46,393","0.66"
"2016年05月04日","47,824","47,504","49,179","46,180","0.67"
"2016年05月03日","47,504","47,159","49,261","45,423","0.73"
"2016年05月02日","47,159","47,618","49,339","45,671","-0.96"
"2016年05月01日","47,618","48,115","48,272","46,735","-1.03"
"2016年04月30日","48,115","48,099","48,676","46,116","0.03"
"2016年04月29日","48,099","48,604","50,675","46,397","-1.04"
"2016年04月28日","48,604","49,020","52,352","46,080","-0.85"
"2016年04月27日","49,020","51,683","52,229","48,235","-5.15"
"2016年04月26日","51,683","49,029","52,709","48,361","5.41"
"2016年04月25日","49,029","51,588","52,903","49,025","-4.96"
"2016年04月24日","51,588","49,804","51,588","49,293","3.58"
"2016年04月23日","49,804","49,895","50,361","48,283","-0.18"
"2016年04月22日","49,895","50,656","50,920","45,149","-1.50"
"2016年04月21日","50,656","47,402","50,670","45,399","6.87"
"2016年04月20日","47,402","46,691","49,470","45,854","1.52"
"2016年04月19日","46,691","46,450","48,495","46,084","0.52"
"2016年04月18日","46,450","46,279","48,396","45,340","0.37"
"2016年04月17日","46,279","46,874","48,109","46,180","-1.27"
"2016年04月16日","46,874","46,406","48,462","43,997","1.01"
"2016年04月15日","46,406","45,801","48,316","44,786","1.32"
"2016年04月14日","45,801","44,974","48,307","44,974","1.84"
"2016年04月13日","44,974","0","50,823","0","0.00"
"2016年04月12日","0","45,563","50,212","0","-100.00"
"2016年04月11日","45,563","45,522","49,541","45,020","0.09"
"2016年04月10日","45,522","45,113","50,314","44,751","0.91"
"2016年04月09日","45,113","45,534","48,198","44,645","-0.92"
"2016年04月08日","45,534","46,882","48,311","44,991","-2.88"
"2016年04月07日","46,882","46,856","48,776","45,262","0.05"
"2016年04月06日","46,856","46,419","49,229","45,739","0.94"
"2016年04月05日","46,419","44,808","49,470","44,272","3.59"
"2016年04月04日","44,808","46,919","48,818","44,490","-4.50"
"2016年04月03日","46,919","48,070","48,305","46,213","-2.39"
"2016年04月02日","48,070","47,748","48,707","46,136","0.67"
"2016年04月01日","47,748","46,484","49,044","46,139","2.72"
"2016年03月31日","46,484","46,847","49,277","45,741","-0.78"
"2016年03月30日","46,847","46,735","50,027","45,898","0.24"
"2016年03月29日","46,735","47,617","50,936","46,154","-1.85"
"2016年03月28日","47,617","48,148","50,825","46,367","-1.10"
"2016年03月27日","48,148","46,669","49,400","46,346","3.17"
"2016年03月26日","46,669","46,886","49,348","46,614","-0.46"
"2016年03月25日","46,886","46,482","49,624","46,094","0.87"
"2016年03月24日","46,482","46,995","49,367","45,390","-1.09"
"2016年03月23日","46,995","47,744","49,408","43,904","-1.57"
"2016年03月22日","47,744","46,975","49,460","43,762","1.64"
"2016年03月21日","46,975","45,849","48,004","44,650","2.46"
"2016年03月20日","45,849","45,275","48,249","45,166","1.27"
"2016年03月19日","45,275","45,542","49,148","45,145","-0.59"
"2016年03月18日","45,542","47,034","49,166","45,327","-3.17"
"2016年03月17日","47,034","46,553","49,588","45,902","1.03"
"2016年03月16日","46,553","47,939","49,940","46,473","-2.89"
"2016年03月15日","47,939","46,868","50,070","46,489","2.29"
"2016年03月14日","46,868","47,497","50,133","46,075","-1.32"
"2016年03月13日","47,497","47,062","49,701","46,348","0.92"
"2016年03月12日","47,062","47,411","50,690","46,006","-0.74"
"2016年03月11日","47,411","45,648","50,581","45,556","3.86"
"2016年03月10日","45,648","47,749","49,072","45,451","-4.40"
"2016年03月09日","47,749","46,219","48,880","45,690","3.31"
"2016年03月08日","46,219","46,347","49,020","45,386","-0.28"
"2016年03月07日","46,347","45,941","47,238","45,452","0.88"
"2016年03月06日","45,941","45,283","47,958","44,604","1.46"
"2016年03月05日","45,283","46,890","48,662","44,354","-3.43"
"2016年03月04日","46,890","46,623","48,701","46,620","0.57"
"2016年03月03日","46,623","47,986","51,837","46,623","-2.84"
"2016年03月02日","47,986","48,970","52,502","47,697","-2.01"
"2016年03月01日","48,970","49,612","52,536","47,872","-1.29"
"2016年02月29日","49,612","49,261","52,286","47,700","0.71"
"2016年02月28日","49,261","48,471","52,100","47,438","1.63"
"2016年02月27日","48,471","48,881","51,990","47,582","-0.84"
"2016年02月26日","48,881","47,850","51,024","46,612","2.16"
"2016年02月25日","47,850","47,251","50,622","46,447","1.27"
"2016年02月24日","47,251","46,590","51,420","45,993","1.42"
"2016年02月23日","46,590","49,101","51,915","44,093","-5.12"
"2016年02月22日","49,101","48,758","51,709","44,261","0.70"
"2016年02月21日","48,758","49,082","52,503","45,267","-0.66"
"2016年02月20日","49,082","47,164","50,215","46,743","4.07"
"2016年02月19日","47,164","47,070","54,962","46,806","0.20"
"2016年02月18日","47,070","47,248","55,296","46,957","-0.38"
"2016年02月17日","47,248","46,907","51,294","45,624","0.73"
"2016年02月16日","46,907","45,709","52,614","44,683","2.62"
"2016年02月15日","45,709","45,356","50,453","43,944","0.78"
"2016年02月14日","45,356","43,892","45,356","42,983","3.34"
"2016年02月13日","43,892","42,968","44,022","41,969","2.15"
"2016年02月12日","42,968","42,431","43,308","41,159","1.26"
"2016年02月11日","42,431","43,135","44,013","40,143","-1.63"
"2016年02月10日","43,135","43,051","44,649","42,128","0.20"
"2016年02月09日","43,051","42,816","44,866","42,511","0.55"
"2016年02月08日","42,816","43,472","44,382","42,798","-1.51"
"2016年02月07日","43,472","43,585","46,377","43,088","-0.26"
"2016年02月06日","43,585","44,929","46,587","40,271","-2.99"
"2016年02月05日","44,929","46,953","48,077","43,472","-4.31"
"2016年02月04日","46,953","42,800","47,963","42,140","9.70"
"2016年02月03日","42,800","43,289","46,812","41,732","-1.13"
"2016年02月02日","43,289","45,385","49,443","40,068","-4.62"
"2016年02月01日","45,385","44,144","49,608","44,135","2.81"
"2016年01月31日","44,144","46,694","47,889","44,144","-5.46"
"2016年01月30日","46,694","45,248","47,827","45,061","3.20"
"2016年01月29日","45,248","44,839","52,944","42,805","0.91"
"2016年01月28日","44,839","46,729","52,581","44,618","-4.04"
"2016年01月27日","46,729","46,351","50,997","45,319","0.82"
"2016年01月26日","46,351","44,882","50,701","43,150","3.27"
"2016年01月25日","44,882","47,102","49,855","43,277","-4.71"
"2016年01月24日","47,101","45,292","49,435","43,744","4.92"
"2016年01月23日","44,893","45,175","48,768","44,723","-0.62"
"2016年01月22日","45,175","50,980","50,980","44,678","-11.39"
"2016年01月21日","50,980","49,500","51,057","44,438","2.99"
"2016年01月20日","49,500","44,565","51,526","43,940","11.07"
"2016年01月19日","44,565","46,108","48,199","44,169","-3.07"
"2016年01月18日","45,976","46,225","48,655","44,655","0.09"
"2016年01月17日","45,933","45,893","48,221","43,269","0.09"
"2016年01月16日","45,893","42,851","51,362","41,760","-3.08"
"2016年01月15日","47,352","50,042","52,388","42,839","-5.38"
"2016年01月14日","50,042","50,431","53,307","49,492","-0.27"
"2016年01月13日","50,175","50,981","55,716","49,657","-1.58"
"2016年01月12日","50,981","52,739","55,605","50,971","-3.33"
"2016年01月11日","52,739","52,145","54,083","50,704","1.14"
"2016年01月10日","52,145","52,789","53,980","50,708","-1.22"
"2016年01月09日","52,789","53,932","55,070","52,747","-2.11"
"2016年01月08日","53,926","53,836","55,553","50,766","-0.78"
"2016年01月07日","54,350","51,228","55,449","50,598","5.69"
"2016年01月06日","51,422","52,249","52,281","50,755","-1.58"
"2016年01月05日","52,249","51,392","52,488","50,929","1.67"
"2016年01月04日","51,392","51,489","53,298","50,530","-0.19"
"2016年01月03日","51,489","51,802","52,713","50,511","-0.61"
"2016年01月02日","51,802","52,048","53,387","51,550","-0.47"
"2016年01月01日","52,048","51,832","53,343","50,288","0.42"
"2015年12月31日","51,832","51,568","53,509","50,295","0.51"
"2015年12月30日","51,568","53,239","54,522","50,500","-3.14"
"2015年12月29日","53,239","50,547","53,964","50,113","5.33"
"2015年12月28日","50,547","50,612","55,295","49,460","-0.13"
"2015年12月27日","50,612","50,902","54,644","48,973","-0.57"
"2015年12月26日","50,902","54,686","56,159","48,971","-6.92"
"2015年12月25日","54,687","55,436","56,807","53,379","-0.73"
"2015年12月24日","55,092","53,546","56,870","52,737","3.14"
"2015年12月23日","53,414","53,323","55,585","52,232","0.17"
"2015年12月22日","53,323","53,394","55,801","49,848","-0.13"
"2015年12月21日","53,394","46,155","55,843","46,140","15.68"
"2015年12月20日","46,155","56,324","56,324","46,155","-18.05"
"2015年12月19日","56,324","55,370","56,687","54,021","1.72"
"2015年12月18日","55,370","53,957","56,791","48,301","2.36"
"2015年12月17日","54,093","53,837","57,607","48,299","0.48"
"2015年12月16日","53,837","55,419","57,266","53,225","-2.86"
"2015年12月15日","55,419","52,934","56,723","47,868","4.69"
"2015年12月14日","52,934","47,871","54,531","46,896","10.58"
"2015年12月13日","47,871","47,894","53,282","46,754","-0.05"
"2015年12月12日","47,894","48,754","53,281","2,662","-1.76"
"2015年12月11日","48,754","50,543","52,803","16","-3.55"
"2015年12月10日","50,549","51,282","52,586","49,810","-1.43"
"2015年12月09日","51,282","49,088","56,605","48,168","5.51"
"2015年12月08日","48,603","49,678","51,649","47,306","-0.95"
"2015年12月07日","49,068","48,876","52,071","47,642","-3.70"
"2015年12月06日","50,954","48,157","52,016","45,681","5.81"
"2015年12月05日","48,157","45,270","48,415","44,992","6.38"
"2015年12月04日","45,270","45,612","46,735","44,045","-0.75"
"2015年12月03日","45,612","44,334","45,800","42,513","2.88"
"2015年12月02日","44,334","44,444","47,151","41,971","-1.16"
"2015年12月01日","44,856","46,301","48,158","43,111","-3.43"
"2015年11月30日","46,450","44,926","47,888","43,590","5.77"
"2015年11月29日","43,917","43,939","46,125","43,266","0.07"
"2015年11月28日","43,888","44,073","45,423","42,768","-0.96"
"2015年11月27日","44,313","43,606","45,317","39,971","2.41"
"2015年11月26日","43,272","40,094","45,289","38,908","10.63"
"2015年11月25日","39,113","39,192","41,329","38,338","-0.80"
"2015年11月24日","39,428","39,629","40,414","38,418","-0.51"
"2015年11月23日","39,629","40,230","41,085","38,450","-0.35"
"2015年11月22日","39,767","40,305","41,086","39,280","0.64"
"2015年11月21日","39,516","38,800","41,088","37,999","-0.09"
"2015年11月20日","39,551","41,170","41,319","38,005","-1.27"
"2015年11月19日","40,060","41,355","41,954","39,512","-2.88"
"2015年11月18日","41,250","41,013","41,966","38,256","0.58"
"2015年11月17日","41,013","40,553","42,114","38,196","3.92"
"2015年11月16日","39,467","39,410","41,277","38,283","-3.62"
"2015年11月15日","40,949","40,629","41,671","38,872","0.29"
"2015年11月14日","40,830","41,520","42,062","40,348","-1.66"
"2015年11月13日","41,520","41,480","42,321","38,889","5.63"
"2015年11月12日","39,306","38,132","42,510","37,726","3.08"
"2015年11月11日","38,132","41,750","47,445","37,549","-8.66"
"2015年11月10日","41,750","46,877","48,240","40,791","-10.94"
"2015年11月09日","46,876","45,961","48,213","44,473","1.99"
"2015年11月08日","45,961","47,548","48,681","45,272","-3.34"
"2015年11月07日","47,548","46,136","49,436","43,989","3.06"
"2015年11月06日","46,136","48,651","55,729","42,998","-5.17"
"2015年11月05日","48,651","54,206","61,439","47,182","-18.46"
"2015年11月04日","59,663","48,274","62,658","42,513","23.59"
"2015年11月03日","48,274","43,539","48,656","39,310","10.88"
"2015年11月02日","43,539","40,117","44,423","37,210","8.53"
"2015年11月01日","40,118","38,251","40,903","36,770","4.88"
"2015年10月31日","38,251","40,428","42,527","37,147","-5.38"
"2015年10月30日","40,428","38,325","42,577","34,900","5.49"
"2015年10月29日","38,325","36,539","39,016","34,900","4.89"
"2015年10月28日","36,539","35,208","37,131","33,953","6.62"
"2015年10月27日","34,271","34,164","36,079","33,599","0.31"
"2015年10月26日","34,164","34,338","35,502","33,431","-0.51"
"2015年10月25日","34,338","33,313","36,064","33,126","3.08"
"2015年10月24日","33,313","33,203","34,138","32,475","0.15"
"2015年10月23日","33,264","32,394","34,225","31,616","2.69"
"2015年10月22日","32,394","31,379","33,570","30,545","1.52"
"2015年10月21日","31,910","32,197","32,627","30,258","-0.07"
"2015年10月20日","31,932","31,549","32,426","30,595","2.40"
"2015年10月19日","31,185","30,695","32,149","30,149","2.00"
"2015年10月18日","30,574","30,632","32,338","30,024","-0.74"
"2015年10月17日","30,803","30,365","32,183","29,055","0.86"
"2015年10月16日","30,539","30,259","31,297","29,050","0.93"
"2015年10月15日","30,259","29,671","30,555","28,938","0.57"
"2015年10月14日","30,088","29,713","30,666","28,732","1.26"
"2015年10月13日","29,713","29,436","31,292","28,966","0.94"
"2015年10月12日","29,436","29,436","29,436","29,436","0.00"
"2015年10月11日","29,436","29,436","29,436","29,436","0.00"
"2015年10月10日","29,436","29,054","30,123","28,494","0.48"
"2015年10月09日","29,297","28,955","30,117","27,866","1.18"
"2015年10月08日","28,955","28,218","30,118","27,543","2.61"
"2015年10月07日","28,218","29,014","29,711","27,363","-1.57"
"2015年10月06日","28,667","28,630","29,630","27,768","0.13"
"2015年10月05日","28,630","27,941","28,895","27,459","2.47"
"2015年10月04日","27,941","28,107","29,247","27,439","0.04"
"2015年10月03日","27,930","27,933","28,837","27,435","-1.68"
"2015年10月02日","28,408","27,954","28,896","27,248","0.58"
"2015年10月01日","28,244","28,024","29,074","27,227","0.78"
"2015年09月30日","28,024","28,472","29,365","27,930","-1.57"
"2015年09月29日","28,472","27,868","29,501","27,583","2.96"
"2015年09月28日","27,653","27,881","28,894","27,061","-0.90"
"2015年09月27日","27,905","28,213","28,918","27,862","-0.97"
"2015年09月26日","28,178","28,350","28,646","27,881","-0.61"
"2015年09月25日","28,350","27,972","28,678","27,553","1.35"
"2015年09月24日","27,972","27,646","28,458","27,169","1.15"
"2015年09月23日","27,653","27,410","27,990","26,843","2.58"
"2015年09月22日","26,957","27,266","27,961","26,787","-1.26"
"2015年09月21日","27,300","27,577","28,209","22,759","-1.00"
"2015年09月20日","27,577","27,687","28,239","27,213","0.28"
"2015年09月19日","27,499","27,627","28,308","27,351","0.05"
"2015年09月18日","27,486","27,620","28,517","27,216","-0.49"
"2015年09月17日","27,621","27,417","28,051","26,858","0.74"
"2015年09月16日","27,417","27,378","28,050","27,108","-0.96"
"2015年09月15日","27,683","27,873","28,470","26,996","-0.68"
"2015年09月14日","27,873","27,692","28,483","27,235","0.65"
"2015年09月13日","27,692","28,242","28,883","27,270","-1.95"
"2015年09月12日","28,242","28,807","29,127","26,745","-1.96"
"2015年09月11日","28,807","27,950","29,259","26,241","2.98"
"2015年09月10日","27,975","28,177","29,662","26,269","-0.68"
"2015年09月09日","28,166","28,817","29,701","22,848","-3.85"
"2015年09月08日","29,295","28,724","29,495","22,658","2.74"
"2015年09月07日","28,512","28,291","29,186","27,683","0.78"
"2015年09月06日","28,291","27,681","28,982","27,179","2.28"
"2015年09月05日","27,662","27,284","28,049","26,721","1.44"
"2015年09月04日","27,269","27,108","27,629","26,535","0.60"
"2015年09月03日","27,108","27,362","28,120","26,701","-0.53"
"2015年09月02日","27,253","26,732","27,906","26,161","1.94"
"2015年09月01日","26,736","27,608","28,326","26,292","-3.16"
"2015年08月31日","27,608","26,855","28,221","26,404","4.30"
"2015年08月30日","26,470","28,030","28,421","26,199","-1.44"
"2015年08月29日","26,856","27,986","28,573","25,764","-4.04"
"2015年08月28日","27,986","27,248","28,500","26,399","2.08"
"2015年08月27日","27,415","27,410","27,913","26,719","-0.05"
"2015年08月26日","27,430","26,762","27,809","25,221","2.50"
"2015年08月25日","26,762","25,968","27,407","24,292","3.06"
"2015年08月24日","25,968","27,832","28,951","25,734","-6.70"
"2015年08月23日","27,832","27,942","28,496","27,518","-0.39"
"2015年08月22日","27,942","28,446","29,119","27,163","-1.80"
"2015年08月21日","28,454","29,120","29,363","28,196","-2.29"
"2015年08月20日","29,120","28,056","29,991","27,580","3.80"
"2015年08月19日","28,054","28,437","32,086","27,645","-11.14"
"2015年08月18日","31,572","31,909","32,486","27,670","-1.06"
"2015年08月17日","31,909","32,024","32,616","31,770","-0.36"
"2015年08月16日","32,024","33,125","33,169","31,703","-1.87"
"2015年08月15日","32,636","32,898","33,425","32,444","-0.50"
"2015年08月14日","32,801","32,926","33,445","32,432","-0.01"
"2015年08月13日","32,803","32,963","33,584","32,440","-0.48"
"2015年08月12日","32,963","33,790","33,918","32,423","-0.51"
"2015年08月11日","33,132","32,361","33,792","31,864","2.39"
"2015年08月10日","32,360","32,647","33,215","32,174","-0.19"
"2015年08月09日","32,422","32,472","34,717","32,060","-5.96"
"2015年08月08日","34,476","34,798","35,056","32,373","0.33"
"2015年08月07日","34,363","34,543","35,142","34,223","-0.52"
"2015年08月06日","34,543","35,096","35,607","34,462","-1.58"
"2015年08月05日","35,095","35,175","35,614","34,760","-0.23"
"2015年08月04日","35,175","34,525","35,544","34,331","1.28"
"2015年08月03日","34,730","34,622","35,353","33,992","0.16"
"2015年08月02日","34,675","34,675","35,361","34,025","-0.02"
"2015年08月01日","34,681","35,421","35,690","34,183","-2.09"
"2015年07月31日","35,421","35,560","35,929","34,884","-0.39"
"2015年07月30日","35,560","35,679","36,573","35,093","-0.33"
"2015年07月29日","35,679","36,741","36,875","35,517","-2.16"
"2015年07月28日","36,467","36,182","36,946","35,189","0.79"
"2015年07月27日","36,182","35,736","36,909","35,173","-0.23"
"2015年07月26日","36,264","35,550","36,391","35,313","1.26"
"2015年07月25日","35,812","35,712","36,221","34,144","0.28"
"2015年07月24日","35,712","34,228","35,889","33,935","3.86"
"2015年07月23日","34,386","34,387","34,687","33,896","-0.00"
"2015年07月22日","34,387","34,219","34,871","33,829","0.44"
"2015年07月21日","34,237","34,354","35,181","33,908","-0.11"
"2015年07月20日","34,274","33,965","34,708","33,690","0.40"
"2015年07月19日","34,139","34,225","34,955","33,666","-0.25"
"2015年07月18日","34,225","34,507","34,966","33,699","-0.82"
"2015年07月17日","34,507","34,450","36,142","33,486","-2.14"
"2015年07月16日","35,262","35,718","36,951","33,477","-0.51"
"2015年07月15日","35,444","35,537","36,859","35,298","-0.26"
"2015年07月14日","35,537","36,064","38,254","34,820","-1.46"
"2015年07月13日","36,064","38,157","38,636","34,261","-5.49"
"2015年07月12日","38,157","35,874","38,600","34,715","6.07"
"2015年07月11日","35,975","35,040","36,612","33,142","2.67"
"2015年07月10日","35,040","33,159","36,172","32,518","5.85"
"2015年07月09日","33,104","32,844","33,488","32,306","0.91"
"2015年07月08日","32,804","32,920","33,388","32,238","0.53"
"2015年07月07日","32,631","33,353","34,138","32,413","10.80"
"2015年05月09日","29,451","29,451","29,451","29,451","3.90"
"2015年05月08日","28,346","28,346","28,346","28,346","-16.18"
"2015年03月09日","33,818","33,220","34,285","32,778","1.80"
"2015年03月08日","33,220","33,176","33,636","32,530","0.13"
"2015年03月07日","33,176","32,898","33,594","32,050","0.61"
"2015年03月06日","32,975","33,673","34,196","31,643","20.95"
"2015年01月31日","27,263","26,894","28,520","26,894","1.37"
"2015年01月30日","26,894","27,622","28,739","26,251","-2.64"
"2015年01月29日","27,622","27,878","31,568","26,284","-0.92"
"2015年01月28日","27,878","31,071","31,971","27,334","-12.11"
"2015年01月27日","31,719","33,630","37,076","29,757","-3.43"
"2015年01月26日","32,846","29,600","37,128","28,616","13.70"
"2015年01月24日","28,888","27,207","29,329","26,585","6.18"
"2015年01月23日","27,207","27,476","28,149","26,341","-0.98"
"2015年01月22日","27,476","26,867","28,319","24,871","2.26"
"2015年01月21日","26,867","24,879","27,399","24,092","7.99"
"2015年01月20日","24,879","24,973","25,698","23,949","-0.38"
"2015年01月19日","24,973","24,618","25,814","22,918","1.44"
"2015年01月18日","24,618","24,714","25,892","22,621","4.99"
"2015年01月17日","23,448","24,872","30,981","22,586","-5.73"
"2015年01月16日","24,872","25,327","31,230","22,828","-1.80"
"2015年01月15日","25,327","26,186","29,521","19,962","18.89"
"2015年01月14日","21,303","26,601","31,926","19,902","-19.92"
"2015年01月13日","26,601","32,409","32,647","26,553","-17.22"
"2015年01月12日","32,136","31,738","33,616","31,487","1.25"
"2015年01月11日","31,738","33,114","34,122","31,541","-3.80"
"2015年01月10日","32,993","34,244","35,005","32,875","-3.38"
"2015年01月09日","34,147","33,936","35,253","33,287","-0.22"
"2015年01月08日","34,220","34,578","35,540","33,147","-1.03"
"2015年01月07日","34,578","34,366","35,399","32,258","4.23"
"2015年01月06日","33,174","32,724","34,366","31,869","1.38"
"2015年01月05日","32,724","34,080","35,147","31,014","-3.80"
"2015年01月04日","34,015","36,997","38,018","31,061","-9.63"
"2015年01月03日","37,642","38,023","38,301","35,018","-1.00"
"2015年01月02日","38,023","38,182","38,615","37,671","0.27"
"2015年01月01日","37,921","38,492","38,569","37,177","-1.48"
"2014年12月31日","38,492","37,586","38,492","37,146","2.09"
"2014年12月30日","37,702","38,375","38,684","37,161","-0.92"
"2014年12月29日","38,051","37,948","38,828","37,487","0.27"
"2014年12月28日","37,948","38,066","39,462","37,451","-0.31"
"2014年12月27日","38,066","39,445","39,693","37,556","-3.50"
"2014年12月26日","39,445","38,670","39,702","37,776","2.00"
"2014年12月25日","38,670","39,070","40,550","38,014","-1.02"
"2014年12月24日","39,070","40,101","41,315","38,247","-2.57"
"2014年12月23日","40,101","40,071","41,119","35,965","2.57"
"2014年12月22日","39,098","38,327","40,242","35,855","2.01"
"2014年12月21日","38,327","39,062","39,543","37,171","-1.88"
"2014年12月20日","39,062","37,750","39,524","33,419","3.47"
"2014年12月19日","37,750","36,878","38,613","33,301","2.37"
"2014年12月18日","36,878","39,094","39,779","33,097","-4.05"
"2014年12月17日","38,436","38,554","40,891","37,281","-0.31"
"2014年12月16日","38,554","41,377","41,895","38,554","-7.22"
"2014年12月15日","41,555","42,061","42,268","41,058","-1.20"
"2014年12月14日","42,061","42,071","42,209","41,222","-0.02"
"2014年12月13日","42,071","42,144","42,144","41,049","-0.17"
"2014年12月12日","42,144","42,458","43,735","40,629","-1.52"
"2014年12月11日","42,795","41,657","43,849","40,208","2.73"
"2014年12月10日","41,657","42,451","44,297","40,990","-1.87"
"2014年12月09日","42,451","44,067","46,745","41,860","-3.67"
"2014年12月08日","44,067","45,307","46,998","44,060","-2.74"
"2014年12月07日","45,307","45,805","46,079","45,044","-1.09"
"2014年12月06日","45,805","45,799","45,999","44,730","0.01"
"2014年12月05日","45,799","44,502","46,157","43,990","2.91"
"2014年12月04日","44,502","45,326","46,371","44,197","-1.82"
"2014年12月03日","45,326","45,872","46,560","44,493","-1.19"
"2014年12月02日","45,872","45,104","46,050","44,081","1.70"
"2014年12月01日","45,104","45,355","45,969","44,448","-0.55"
"2014年11月30日","45,355","44,243","45,927","44,243","2.51"
"2014年11月29日","44,243","45,287","46,012","42,087","-2.31"
"2014年11月28日","45,287","44,117","45,287","40,101","2.65"
"2014年11月27日","44,117","43,442","44,888","42,938","1.55"
"2014年11月26日","43,442","45,071","46,014","43,433","-3.61"
"2014年11月25日","45,071","44,338","47,490","42,998","1.65"
"2014年11月24日","44,338","44,194","46,017","42,700","0.33"
"2014年11月23日","44,194","41,128","44,205","41,128","7.46"
"2014年11月22日","41,128","42,168","43,224","40,880","-2.47"
"2014年11月21日","42,168","42,709","46,038","40,920","-1.27"
"2014年11月20日","42,709","44,590","46,232","41,704","-4.22"
"2014年11月19日","44,590","44,376","46,241","43,207","0.48"
"2014年11月18日","44,376","45,348","48,669","43,292","-2.14"
"2014年11月17日","45,348","45,714","48,466","43,811","-0.80"
"2014年11月16日","45,714","44,753","46,259","43,378","2.15"
"2014年11月15日","44,753","46,883","47,370","43,250","-4.54"
"2014年11月14日","46,883","47,501","54,606","43,403","-1.30"
"2014年11月13日","47,501","47,732","54,454","42,251","-0.48"
"2014年11月12日","47,732","42,478","48,377","41,431","12.37"
"2014年11月11日","42,478","41,894","42,999","40,468","1.40"
"2014年11月10日","41,894","40,614","42,303","38,328","3.15"
"2014年11月09日","40,614","39,012","40,614","37,918","4.11"
"2014年11月08日","39,012","38,700","40,183","37,850","0.81"
"2014年11月07日","38,700","39,251","40,331","38,232","-1.41"
"2014年11月06日","39,251","38,590","40,365","37,366","1.71"
"2014年11月05日","38,590","37,432","39,447","36,210","3.09"
"2014年11月04日","37,432","37,050","38,358","35,880","1.03"
"2014年11月03日","37,050","36,831","38,348","34,726","0.59"
"2014年11月02日","36,831","35,907","37,536","35,047","2.57"
"2014年11月01日","35,907","37,987","39,105","35,856","-5.48"
"2014年10月31日","37,987","37,298","38,849","36,599","1.85"
"2014年10月30日","37,298","36,501","39,232","35,997","2.18"
"2014年10月29日","36,501","38,829","38,948","36,418","-6.00"
"2014年10月28日","38,829","37,757","38,979","37,180","2.84"
"2014年10月27日","37,757","39,402","40,288","37,145","-4.17"
"2014年10月26日","39,402","37,741","40,342","37,421","4.40"
"2014年10月25日","37,741","38,986","39,147","37,200","-3.19"
"2014年10月24日","38,986","38,699","41,409","37,589","0.74"
"2014年10月23日","38,699","41,470","42,156","38,230","-6.68"
"2014年10月22日","41,470","41,478","41,812","39,062","-0.02"
"2014年10月21日","41,478","41,163","42,076","39,404","0.76"
"2014年10月20日","41,163","41,421","41,538","39,752","-0.62"
"2014年10月19日","41,421","41,046","41,421","37,666","0.91"
"2014年10月18日","41,046","40,466","41,055","37,028","1.43"
"2014年10月17日","40,466","39,795","42,322","32,871","1.69"
"2014年10月16日","39,795","41,400","42,725","39,736","-3.88"
"2014年10月15日","41,400","43,431","43,761","41,030","-4.68"
"2014年10月14日","43,431","40,774","43,817","37,748","6.52"
"2014年10月13日","40,774","39,192","40,977","36,847","4.04"
"2014年10月12日","39,192","38,769","39,528","36,624","1.09"
"2014年10月11日","38,769","38,697","40,276","33,334","0.19"
"2014年10月10日","38,697","39,152","41,521","33,169","-1.16"
"2014年10月09日","39,152","39,084","42,181","35,682","0.17"
"2014年10月08日","39,084","36,601","39,084","32,754","6.79"
"2014年10月07日","36,601","35,963","40,360","32,762","0.20"
"2014年10月06日","36,529","36,286","39,177","31,952","0.67"
"2014年10月05日","36,286","36,180","40,116","32,070","0.29"
"2014年10月04日","36,180","39,748","41,394","35,840","-8.98"
"2014年10月03日","39,748","40,952","41,899","39,507","-2.94"
"2014年10月02日","40,952","41,370","42,264","39,709","-1.01"
"2014年10月01日","41,370","43,712","43,835","40,503","-5.36"
"2014年09月30日","43,712","40,996","43,737","39,851","6.63"
"2014年09月29日","40,996","41,790","44,277","37,558","-1.90"
"2014年09月28日","41,790","44,509","44,529","41,555","-6.11"
"2014年09月27日","44,509","44,241","44,819","43,093","0.61"
"2014年09月26日","44,241","44,355","45,515","43,362","-0.26"
"2014年09月25日","44,355","46,559","48,542","42,937","-4.73"
"2014年09月24日","46,559","47,682","50,296","42,347","-2.36"
"2014年09月23日","47,682","42,978","50,223","42,060","10.95"
"2014年09月22日","42,978","44,370","44,639","41,357","-3.14"
"2014年09月21日","44,370","43,939","45,871","41,234","0.98"
"2014年09月20日","43,939","43,370","46,160","42,253","1.31"
"2014年09月19日","43,370","45,779","52,882","41,302","-5.26"
"2014年09月18日","45,779","48,559","52,882","45,020","-5.73"
"2014年09月17日","48,559","49,299","50,653","47,561","-1.50"
